level,order,title,author,publisher
5A,1,くもんのうた 200 えほん,,くもん出版
5A,2,どうぶつのおやこ,藪内正幸,福音館書店
5A,3,あかちゃんのほん 第１集,まついのりこ,偕成社
5A,4,いないいないばあ,松谷みよ子 瀬川康男・絵,童心社
5A,5,くだもの,平山和子,福音館書店
5A,6,あがりめさがりめ,ましませつこ,こぐま社
5A,7,じどうしゃ,寺島龍一,福音館書店
5A,8,じのないえほん,ブルーナ いしいももこ・訳,福音館書店
5A,9,じゃあじゃあびりびり,まついのりこ,偕成社
5A,10,バナナです,川端誠,文化出版局
5A,11,かぞえてみよう,安野光雅,講談社
5A,12,おひさまあはは,前川かずお,こぐま社
5A,13,だるまさんが,かがくいひろし,ブロンズ新社
5A,14,のびのびのーん,川上隆子,アリス館
5A,15,もこ もこもこ,たにかわしゅんたろう もとながさだまさ・絵,文研出版
5A,16,かおかおどんなかお,柳原良平,こぐま社
5A,17,ねこがいっぱい,スカール やぶきみちこ・訳,福音館書店
5A,18,やさい,平山和子,福音館書店
5A,19,ぴょーん,まつおかたつひで,ポプラ社
5A,20,ぎったんばっこん,なかえよしを 上野紀子・絵,文化出版局
5A,21,こんにちは,わたなべしげお おおともやすお・絵,福音館書店
5A,22,くっついた,三浦太郎,こぐま社
5A,23,がたんごとんがたんごとん,安西水丸,福音館書店
5A,24,きゅっきゅっきゅっ,林明子,福音館書店
5A,25,みんなうんち,五味太郎,福音館書店
5A,26,くまさんくまさんなにみてるの？,マーチン カール・絵,偕成社
5A,27,コロちゃんはどこ？,ヒル,評論社
5A,28,おやすみ,なかがわりえこ やまわきゆりこ・絵,グランまま社
5A,29,いやだいやだの絵本,せなけいこ,福音館書店
5A,30,あーんあんの絵本,せなけいこ,福音館書店
5A,31,きんぎょがにげた,五味太郎,福音館書店
5A,32,たまごのあかちゃん,かんざわとしこ やぎゅうげんいちろう・絵,福音館書店
5A,33,ゆうたはともだち,きたやまようこ,あかね書房
5A,34,りんごがドスーン,多田ヒロシ,文研出版
5A,35,どうすればいいのかな？,わたなべしげお おおともやすお・絵,福音館書店
5A,36,ぞうくんのさんぽ,なかのひろたか なかのまさたか・レタリング,福音館書店
5A,37,しろくまちゃんのほっとけーき,わかやまけん,こぐま社
5A,38,おやすみなさいコッコさん,片山健,福音館書店
5A,39,このいろなあに,せなけいこ,金の星社
5A,40,うしろにいるのだあれ,accototo （ふくだとしお＋あきこ）,幻冬舎
5A,41,かにこちゃん,きしだえりこ ほりうちせいいち・絵,くもん出版
5A,42,いろいろたまご,山岡ひかる,くもん出版
5A,43,おふろでちゃぷちゃぷ,松谷みよ子 岩崎ちひろ・絵,童心社
5A,44,もしもしおでんわ,松谷みよ子 岩崎ちひろ・絵,童心社
5A,45,さんぽのしるし,五味太郎,福音館書店
5A,46,トイレいけるかな,わらべきみか,ひさかたチャイルド
5A,47,のってのって,くろいけん,あかね書房
5A,48,こぐまちゃんのうんてんしゅ,わかやまけん,こぐま社
5A,49,こいぬのくんくん,ブルーナ まつおかきょうこ・訳,福音館書店
5A,50,とけいのえほん,とだこうしろう,戸田デザイン研究室
4A,1,ねずみくんのチョッキ,なかえよしを 上野紀子・絵,ポプラ社
4A,2,あかいふうせん,マリ,ほるぷ出版
4A,3,かさ,太田大八,文研出版
4A,4,はるにれ,姉崎一馬・写真,福音館書店
4A,5,あいうえおの本,安野光雅,福音館書店
4A,6,るるるるる,五味太郎,偕成社
4A,7,いいおかお,松谷みよ子 瀬川康男・絵,童心社
4A,8,サンドイッチ サンドイッチ,小西英子,福音館書店
4A,9,でんしゃ,バートン,金の星社
4A,10,とりかえっこ,さとうわきこ 二俣英五郎・絵,ポプラ社
4A,11,ぶたたぬききつねねこ,馬場のぼる,こぐま社
4A,12,ロージーのおさんぽ,ハッチンス わたなべしげお・訳,偕成社
4A,13,どんどこももんちゃん,とよたかずひこ,童心社
4A,14,なつのあさ,谷内こうた,至光社
4A,15,あくび,中川ひろたか 飯野和好・絵,文溪堂
4A,16,1，2，3どうぶつえんへ,カール,偕成社
4A,17,わにさんどきっはいしゃさんどきっ,五味太郎,偕成社
4A,18,タンタンのぼうし,いわむらかずお,偕成社
4A,19,でんぐりでんぐり,くろいけん,あかね書房
4A,20,いたずらこねこ,クック シャーリップ・絵,福音館書店
4A,21,いたいいたいはとんでいけ,松谷みよ子 佐野洋子・絵,偕成社
4A,22,きょうはみんなでクマがりだ,ローゼン・再話 オクセンバリー・絵,評論社
4A,23,はなをくんくん,クラウス シーモント・絵,福音館書店
4A,24,ぼくはあるいたまっすぐまっすぐ,ブラウン・坪井郁美 林明子・絵,ペンギン社
4A,25,ぶんぶんぶるるん,バートン てじまゆうすけ・訳,ほるぷ出版
4A,26,ちょっといれて,さとうわきこ,偕成社
4A,27,わにわにのおふろ,小風さち 山口マオ・絵,福音館書店
4A,28,まいごになったぞう,てらむらてるお むらかみつとむ・絵,偕成社
4A,29,あかんべノンタン,キヨノサチコ,偕成社
4A,30,さよならさんかく,わかやまけん,こぐま社
4A,31,かばくん,岸田衿子 中谷千代子・絵,福音館書店
4A,32,おおきいトンとちいさいポン,いわむらかずお,偕成社
4A,33,ふしぎなたまご,ブルーナ いしいももこ・訳,福音館書店
4A,34,うんちがぽとん,フランケル さくまゆみこ・訳,アリス館
4A,35,さつまのおいも,中川ひろたか 村上康成・絵,童心社
4A,36,へびくんのおさんぽ,いとうひろし,すずき出版
4A,37,とうさんまいご,五味太郎,偕成社
4A,38,へんしんトンネル,あきやまただし,金の星社
4A,39,でんしゃにのって,とよたかずひこ,アリス館
4A,40,かばくんのふね,岸田衿子 中谷千代子・絵,福音館書店
4A,41,1才からのうさこちゃんの絵本セット 1,ブルーナ いしいももこ・訳,福音館書店
4A,42,おとうさんだいすき,司修,文研出版
4A,43,おんぶおばけ,松谷みよ子 ひらやまえいぞう・絵,童心社
4A,44,ぽとんぽとんはなんのおと,神沢利子 平山英三・絵,福音館書店
4A,45,おでかけのまえに,筒井頼子 林明子・絵,福音館書店
4A,46,あかたろうの１・２・３の３・４・５,きたやまようこ,偕成社
4A,47,おやすみなさいのほん,ブラウン シャロー・絵,福音館書店
4A,48,おまたせクッキー,ハッチンス 乾侑美子・訳,偕成社
4A,49,くまさんくまさん,なかがわりえこ やまわきゆりこ・絵,福音館書店
4A,50,とこちゃんはどこ,松岡享子 加古里子・絵,福音館書店
3A,1,はらぺこあおむし,カール もりひさし・訳,偕成社
3A,2,バスでおでかけ,間瀬なおかた,ひさかたチャイルド
3A,3,どうぶつはやくちあいうえお,きしだえりこ かたやまけん・絵,のら書店
3A,4,ちいさなたまねぎさん,せなけいこ,金の星社
3A,5,にんじんさんがあかいわけ,松谷みよ子 ひらやまえいぞう・絵,童心社
3A,6,あおくんときいろちゃん,レオーニ 藤田圭雄・訳,至光社
3A,7,まほうのコップ,長谷川摂子 川島敏生・写真,福音館書店
3A,8,きつねとねずみ,ビアンキ 山田三郎・絵,福音館書店
3A,9,こいぬがうまれるよ,コール ウェクスラー・写真,福音館書店
3A,10,わたし,谷川俊太郎 長新太・絵,福音館書店
3A,11,わたしのワンピース,にしまきかやこ,こぐま社
3A,12,ぼくとおとうさん,宮本忠夫,くもん出版
3A,13,ぼくとおかあさん,宮本忠夫,くもん出版
3A,14,ぼちぼちいこか,セイラー グロスマン・絵,偕成社
3A,15,ちびゴリラのちびちび,ボーンスタイン いわたみみ・訳,ほるぷ出版
3A,16,あいうえおばけだぞ,五味太郎,絵本館
3A,17,しろくまのパンツ,tupera tupera,ブロンズ新社
3A,18,ティッチ,ハッチンス いしいももこ・訳,福音館書店
3A,19,14ひきのあさごはん,いわむらかずお,童心社
3A,20,14ひきのおつきみ,いわむらかずお,童心社
3A,21,はけたよはけたよ,かんざわとしこ にしまきかやこ・絵,偕成社
3A,22,まよなかのだいどころ,センダック じんぐうてるお・訳,冨山房
3A,23,パパ、お月さまとって ！,カール もりひさし・訳,偕成社
3A,24,なにをたべてきたの？,岸田衿子 長野博一・絵,佼成出版社
3A,25,てぶくろ,ラチョフ・絵 うちだりさこ・訳,福音館書店
3A,26,しずかなおはなし,マルシャーク レーベデフ・絵,福音館書店
3A,27,おばあさんのすぷーん,神沢利子 富山妙子・絵,福音館書店
3A,28,バムとケロのにちようび,島田ゆか,文溪堂
3A,29,三びきのやぎのがらがらどん,ブラウン・絵 せたていじ・訳,福音館書店
3A,30,せんろはつづく,竹下文子 鈴木まもる・絵,金の星社
3A,31,おばけのバーバパパ,チゾン／テイラー やましたはるお・訳,偕成社
3A,32,ノラネコぐんだんパンこうじょう,工藤ノリコ,白泉社
3A,33,くれよんのはなし,フリーマン さいおんじさちこ・訳,ほるぷ出版
3A,34,ゆきのひ,キーツ きじまはじめ・訳,偕成社
3A,35,こんたのおつかい,田中友佳子,徳間書店
3A,36,いたずらコヨーテ キュウ,どいかや,出版
3A,37,かみひこうき,小林実 林明子・絵,福音館書店
3A,38,もくもくやかん,かがくいひろし,講談社
3A,39,ひとあしひとあし,レオニ 谷川俊太郎・訳,好学社
3A,40,トマトさん,田中清代,福音館書店
3A,41,しゅっぱつしんこう ！,山本忠敬,福音館書店
3A,42,ラチとらいおん,ベロニカ とくながやすもと・訳,福音館書店
3A,43,なにをかこうかな,レイ 中川健蔵・訳,文化出版局
3A,44,あ,大槻あかね,福音館書店
3A,45,さくら,長谷川摂子 矢間芳子・絵,福音館書店
3A,46,ガンピーさんのドライブ,バーニンガム みつよしなつや・訳,ほるぷ出版
3A,47,もったいないばあさん,真珠まりこ,講談社
3A,48,だるまちゃんとてんぐちゃん,加古里子,福音館書店
3A,49,あいうえおうさま,寺村輝夫 和歌山静子・絵,理論社
3A,50,おたすけこびと,なかがわちひろ コヨセ・ジュンジ・絵,徳間書店
2A,1,ぐりとぐら,なかがわりえこ おおむらゆりこ・絵,福音館書店
2A,2,そらまめくんのベッド,なかやみわ,福音館書店
2A,3,うえきやのくまさん,ウォージントン まさきるりこ・訳,福音館書店
2A,4,くっきーだあいすき,間所ひさこ 岩村和朗・絵,金の星社
2A,5,キャベツくん,長新太,文研出版
2A,6,かえりみち,あまんきみこ 西巻茅子・絵,童心社
2A,7,ぽんぽん山の月,あまんきみこ 渡辺洋二・絵,文研出版
2A,8,パンどろぼう,柴田ケイコ,KADOKAWA
2A,9,わたしとあそんで,エッツ よだじゅんいち・訳,福音館書店
2A,10,りんごのき,ペチシカ ズマトリーコバー・絵,福音館書店
2A,11,３びきのくま,トルストイ バスネツォフ・絵,福音館書店
2A,12,たべられるしょくぶつ,森谷憲 寺島龍一・絵,福音館書店
2A,13,ゆうちゃんのゆうは？,かんざわとしこ たばたせいいち・絵,童心社
2A,14,まっくろネリノ,ガルラー やがわすみこ・訳,偕成社
2A,15,ぼくのかえりみち,ひがしちから,出版
2A,16,グリーンマントのピーマンマン,さくらともこ 中村景児・絵,岩崎書店
2A,17,しっぽのはたらき,川田健 藪内正幸・絵,福音館書店
2A,18,すいかのたね,さとうわきこ,福音館書店
2A,19,じゃむじゃむどんくまさん,蔵冨千鶴子 柿本幸造・絵,至光社
2A,20,はじめてのおるすばん,しみずみちを 山本まつ子・絵,岩崎書店
2A,21,すてきな三にんぐみ,アンゲラー いまえよしとも・訳,偕成社
2A,22,さむがりやのサンタ,ブリッグズ すがはらひろくに・訳,福音館書店
2A,23,おなら,長新太,福音館書店
2A,24,ふたりはふたご,田島征彦・田島征三,くもん出版
2A,25,バルバルさん,乾栄里子 西村敏雄・絵,福音館書店
2A,26,おかしなゆきふしぎなこおり,片平孝,ポプラ社
2A,27,そらいろのたね,なかがわりえこ おおむらゆりこ・絵,福音館書店
2A,28,まあちゃんのながいかみ,たかどのほうこ,福音館書店
2A,29,どろんこハリー,ジオン グレアム・絵,福音館書店
2A,30,もりのなか,エッツ まさきるりこ・訳,福音館書店
2A,31,おおきなおおきなおいも,市村久子・原案 赤羽末吉・絵,福音館書店
2A,32,3だいの機関車,オードリー ダルビー・絵,ポプラ社
2A,33,かいじゅうたちのいるところ,センダック じんぐうてるお・訳,冨山房
2A,34,げんきなマドレーヌ,ベーメルマンス 瀬田貞二・訳,福音館書店
2A,35,ぞうのオリバー,ホフ 三原泉・訳,偕成社
2A,36,あさえとちいさいいもうと,筒井頼子 林明子・絵,福音館書店
2A,37,かえるをのんだととさん,日野十成・再話 斎藤隆夫・絵,福音館書店
2A,38,おじいちゃんのおじいちゃんのおじいちゃんのおじいちゃん,長谷川義史,出版
2A,39,ぐるんぱのようちえん,西内ミナミ 堀内誠一・絵,福音館書店
2A,40,でこちゃん,つちだのぶこ,研究所
2A,41,三びきのこぶた,山田三郎・絵 瀬田貞二・訳,福音館書店
2A,42,ふんふんなんだかいいにおい,にしまきかやこ,こぐま社
2A,43,ねずみのすもう,おざわとしお・再話 ふじもとしろう・絵,くもん出版
2A,44,からすのパンやさん,かこさとし,偕成社
2A,45,おふろだいすき,松岡享子 林明子・絵,福音館書店
2A,46,ぼく、だんごむし,得田之久 たかはしきよし・絵,福音館書店
2A,47,くまのコールテンくん,フリーマン まつおかきょうこ・訳,偕成社
2A,48,100 かいだてのいえ,いわいとしお,偕成社
2A,49,もりのおべんとうやさん,舟崎靖子 舟崎克彦・絵,偕成社
2A,50,はこぶ,鎌田歩,教育画劇
A,1,おおきなかぶ,トルストイ・再話 佐藤忠良・画,福音館書店
A,2,おやつがほーいどっさりほい,梅田俊作・佳子,新日本出版社
A,3,ピーターのいす,キーツ きじまはじめ・訳,偕成社
A,4,あんぱんまんとばいきんまん,やなせ・たかし,フレーベル館
A,5,めっきらもっきらどおんどん,長谷川摂子 ふりやなな・画,福音館書店
A,6,はなのあなのはなし,やぎゅうげんいちろう,福音館書店
A,7,タンゲくん,片山健,福音館書店
A,8,しろいうさぎとくろいうさぎ,ウイリアムズ まつおかきょうこ・訳,福音館書店
A,9,ふしぎなたけのこ,松野正子 瀬川康男・絵,福音館書店
A,10,ぼくにげちゃうよ,ブラウン ハード・絵,ほるぷ出版
A,11,11ぴきのねこ,馬場のぼる,こぐま社
A,12,どうぞのいす,香山美子 柿本幸造・絵,ひさかたチャイルド
A,13,マフィンおばさんのぱんや,竹林亜紀 河本祥子・絵,福音館書店
A,14,ともだちや,内田麟太郎 降矢なな・絵,偕成社
A,15,こんとあき,林明子,福音館書店
A,16,くまさぶろう,もりひさし ユノセイイチ・絵,こぐま社
A,17,おおはくちょうのそら,手島圭三郎,絵本塾出版
A,18,しずくのぼうけん,テルリコフスカ ブテンコ・絵,福音館書店
A,19,おたまじゃくしの101ちゃん,かこさとし,偕成社
A,20,みどりいろのたね,たかどのほうこ 太田大八・絵,福音館書店
A,21,おじさんのかさ,佐野洋子,講談社
A,22,ずーっとずっとだいすきだよ,ウィルヘルム 久山太市・訳,評論社
A,23,こんこんさまにさしあげそうろう,森はな 梶山俊夫・絵,研究所
A,24,まりーちゃんとひつじ,フランソワーズ 与田準一・訳,岩波書店
A,25,ひとまねこざる,レイ 光吉夏弥・訳,岩波書店
A,26,しょうぼうじどうしゃじぷた,渡辺茂男 山本忠敬・絵,福音館書店
A,27,花いっぱいになあれ,松谷みよ子 司修・絵,大日本図書
A,28,きいろいばけつ,もりやまみやこ つちだよしはる・絵,あかね書房
A,29,おだんごころころ,大川悦生 伊勢英子・絵,ポプラ社
A,30,だってだってのおばあさん,佐野洋子,フレーベル館
A,31,あひるのバーバちゃん,神沢利子 山脇百合子・絵,偕成社
A,32,はなのすきなうし,リーフ ローソン・絵,岩波書店
A,33,おかあさんだいすき,フラック 光吉夏弥・訳,岩波書店
A,34,あおい目のこねこ,マチーセン せたていじ・訳,福音館書店
A,35,どんぐりかいぎ,こうやすすむ 片山健・絵,福音館書店
A,36,からからからが…,高田桂子 木曽秀夫・絵,文研出版
A,37,かにむかし,木下順二 清水崑・絵,岩波書店
A,38,ももの子たろう,おおかわえっせい みたげんじろう・絵,ポプラ社
A,39,ちからたろう,いまえよしとも たしませいぞう・絵,ポプラ社
A,40,うさぎのみみはなぜながい,北川民次,福音館書店
A,41,カレーライスはこわいぞ,角野栄子 佐々木洋子・絵,ポプラ社
A,42,ちいさいおうち,バートン いしいももこ・訳,岩波書店
A,43,ぞうのババール,ブリュノフ やがわすみこ・訳,評論社
A,44,きかんしゃやえもん,阿川弘之 岡部冬彦・絵,岩波書店
A,45,いたずらきかんしゃちゅうちゅう,バートン むらおかはなこ・訳,福音館書店
A,46,こまったさんのスパゲティ,寺村輝夫 岡本颯子・絵,あかね書房
A,47,そらをとんだけいこのあやとり,やまわきゆりこ,福音館書店
A,48,ちいさなもみのき,ブラウン クーニー・絵,福音館書店
A,49,すずめのくつした,セルデン リップマン・絵,大日本図書
A,50,わすれられないおくりもの,バーレイ 小川仁央・訳,評論社
B,1,さかなにはなぜしたがない,神沢利子 井上洋介・絵,ポプラ社
B,2,にゃーご,宮西達也,すずき出版
B,3,ふたりはいつも,ローベル 三木卓・訳,文化出版局
B,4,ろくべえまってろよ,灰谷健次郎 長新太・絵,文研出版
B,5,一さつのおくりもの,森山京 鴨下潤・絵,講談社
B,6,せんたくかあちゃん,さとうわきこ,福音館書店
B,7,スイミー,レオニ 谷川俊太郎・訳,好学社
B,8,びゅんびゅんごまがまわったら,宮川ひろ 林明子・絵,童心社
B,9,オナモミのとげ,多田多恵子・監修,偕成社
B,10,子うさぎましろのお話,佐々木たづ 三好碩也・絵,ポプラ社
B,11,一休さん,寺村輝夫 ヒサクニヒコ・画,あかね書房
B,12,こぎつねコンとこだぬきポン,松野正子 二俣英五郎・画,童心社
B,13,チロヌップのきつね,たかはしひろゆき,金の星社
B,14,おばけのはなし１,寺村輝夫 ヒサクニヒコ・画,あかね書房
B,15,ネコジャラシはらっぱのモグラより,吉田道子 福田岩緒・絵,くもん出版
B,16,おかえし,村山桂子 織茂恭子・絵,福音館書店
B,17,ぼくはアフリカにすむキリンといいます,岩佐めぐみ 高畠純・絵,偕成社
B,18,アレクサンダとぜんまいねずみ,レオニ 谷川俊太郎・訳,好学社
B,19,ホネホネたんけんたい,松田素子 大西成明・写真,アリス館
B,20,半日村,斎藤隆介 滝平二郎・絵,岩崎書店
B,21,はれときどきぶた,矢玉四郎,岩崎書店
B,22,どうぶつのあしがたずかん,加藤由子 ヒサクニヒコ・絵,岩崎書店
B,23,りんごかもしれない,ヨシタケシンスケ,ブロンズ新社
B,24,番ねずみのヤカちゃん,ウィルバー 松岡享子・訳,福音館書店
B,25,あらしのよるに,木村裕一 あべ弘士・絵,講談社
B,26,ネコのタクシー,南部和也 さとうあや・絵,福音館書店
B,27,100万回生きたねこ,佐野洋子,講談社
B,28,チム・ラビットのぼうけん,アトリー 石井桃子・訳,童心社
B,29,きつねのでんわボックス,戸田和代 たかすかずみ・絵,金の星社
B,30,なんやななちゃんなきべそしゅんちゃん,灰谷健次郎 坪谷令子・絵,文研出版
B,31,おしいれのぼうけん,ふるたたるひ・たばたせいいち,童心社
B,32,ジェインのもうふ,ミラー 厨川圭子・訳,偕成社
B,33,こぶたのピクルス,小風さち 夏目ちさ・絵,福音館書店
B,34,オコジョのすむ谷,増田戻樹,あかね書房
B,35,ふしぎなかぎばあさん,手島悠介 岡本颯子・絵,岩崎書店
B,36,二ちょうめのおばけやしき,木暮正夫 渡辺有一・絵,岩崎書店
B,37,スーホの白い馬,大塚勇三・再話 赤羽末吉・画,福音館書店
B,38,ゆめくい小人,エンデ フックスフーバー・絵,偕成社
B,39,おばあさんのひこうき,佐藤さとる 村上勉・絵,小峰書店
B,40,としょかんライオン,ヌードセン ホークス・絵,岩崎書店
B,41,モチモチの木,斎藤隆介 滝平二郎・絵,岩崎書店
B,42,わたしたちのトビアス,スベドベリ・編 山内清子・訳,偕成社
B,43,１ねん１くみ１ばんワル,後藤竜二 長谷川知子・絵,ポプラ社
B,44,なぞのたから島,寺村輝夫 永井郁子・絵,あかね書房
B,45,ことばのこばこ,和田誠,瑞雲舎
B,46,そして、トンキ－もしんだ,たなべまもる かじあゆた・絵,国土社
B,47,音楽室の日曜日,村上しいこ 田中六大・絵,講談社
B,48,きょうりゅうたち,パリッシュ ローベル・絵,文化出版局
B,49,さんねん峠,李錦玉 朴民宜・絵,岩崎書店
B,50,かたあしだちょうのエルフ,おのきがく,ポプラ社
C,1,おしゃべりなたまごやき,寺村輝夫 長新太・画,福音館書店
C,2,なぞなぞのすきな女の子,松岡享子 大社玲子・絵,学研プラス
C,3,もしかしたら名探偵,杉山亮 中川大輔・絵,偕成社
C,4,おかあさんの目,あまんきみこ くろいけん・絵,あかね書房
C,5,サーカスのライオン,かわむらたかし さいとうひろゆき・絵,ポプラ社
C,6,王さまと九人のきょうだい,君島久子・訳 赤羽末吉・絵,岩波書店
C,7,やまんばのにしき,まつたにみよこ せがわやすお・絵,ポプラ社
C,8,ロッタちゃんのひっこし,リンドグレーン 山室静・訳,偕成社
C,9,ぞくぞく村のミイラのラムさん,末吉暁子 垂石眞子・絵,あかね書房
C,10,トレモスのパン屋,小倉明 石倉欣二・絵,くもん出版
C,11,おともださにナリマ小,たかどのほうこ にしむらあつこ・絵,フレーベル館
C,12,花さき山,斎藤隆介 滝平二郎・絵,岩崎書店
C,13,つるにょうぼう,矢川澄子・再話 赤羽末吉・画,福音館書店
C,14,てぶくろをかいに,新美南吉 わかやまけん・絵,ポプラ社
C,15,ウエズレーの国,フライシュマン ホークス・絵,あすなろ書房
C,16,ちいちゃんのかげおくり,あまんきみこ 上野紀子・絵,あかね書房
C,17,おにたのぼうし,あまんきみこ いわさきちひろ・絵,ポプラ社
C,18,ひろしまのピカ,丸木俊,小峰書店
C,19,ぼくは王さま,寺村輝夫 和田誠・絵,理論社
C,20,ものぐさトミー,デュボア 松岡享子・訳,岩波書店
C,21,ちいさいモモちゃん,松谷みよ子 菊池貞雄・絵,講談社
C,22,エパミナンダス,東京子ども図書館・編,東京子ども図書館
C,23,きょうりゅうが学校にやってきた,フォーサイス 熊谷鉱司・訳,金の星社
C,24,いやいやえん,中川李枝子 大村百合子・絵,福音館書店
C,25,つるばら村のパン屋さん,茂市久美子 中村悦子・絵,講談社
C,26,世界のむかしばなし,瀬田貞二・訳 太田大八・絵,のら書店
C,27,日本のむかしばなし,瀬田貞二 瀬川康男・梶山俊夫・絵,のら書店
C,28,火曜日のごちそうはヒキガエル,エリクソン 佐藤凉子・訳,評論社
C,29,モグラ原っぱのなかまたち,古田足日 田畑精一・絵,あかね書房
C,30,ココロ屋,梨屋アリエ 菅野由貴子・絵,文研出版
C,31,大きい１年生と小さな２年生,古田足日 中山正美・絵,偕成社
C,32,森おばけ,中川李枝子 山脇百合子・絵,福音館書店
C,33,小さな山神スズナ姫,富安陽子 飯野和好・絵,偕成社
C,34,龍の子太郎,松谷みよ子 田代三善・絵,講談社
C,35,月をみよう,藤井旭,あかね書房
C,36,ケイゾウさんは四月がきらいです。,市川宣子 さとうあや・絵,福音館書店
C,37,ぺちゃんこスタンレー,ブラウン さくまゆみこ・訳,あすなろ書房
C,38,しゃべる詩 あそぶ詩 きこえる詩,はせみつこ・編 飯野和好・絵,冨山房
C,39,手で食べる？,森枝卓士,福音館書店
C,40,先生、しゅくだいわすれました,山本悦子 佐藤真紀子・絵,童心社
C,41,エルマーのぼうけん,ガネット わたなべしげお・訳,福音館書店
C,42,いのちのあさがお,綾野まさる 松本恭子・画,ハート出版
C,43,ながいながいペンギンの話,いぬいとみこ 大友康夫・画,岩波書店
C,44,北極のムーシカミーシカ,いぬいとみこ,理論社
C,45,旅のはじまり 黒ねこサンゴロウ１,竹下文子 鈴木まもる・絵,偕成社
C,46,おばけ道、ただいま工事中！？,草野あきこ 平澤朋子・絵,岩崎書店
C,47,みさき食堂へようこそ,香坂直 北沢平祐・絵,講談社
C,48,ノラネコの研究,伊澤雅子 平出衛・絵,福音館書店
C,49,クレヨン王国の十二か月,福永令三 椎名優・絵,講談社
C,50,ガラスのうま,征矢清 林明子・絵,偕成社
D,1,ごんぎつね,新美南吉 黒井健・絵,偕成社
D,2,狂言えほん ぶす,内田麟太郎 長谷川義史・絵,ポプラ社
D,3,じごくのそうべえ,たじまゆきひこ 桂米朝・上方落語,童心社
D,4,島ひきおに,山下明生 梶山俊夫・絵,偕成社
D,5,グリム童話集 （１）,グリム 矢崎源九郎・訳,偕成社
D,6,月夜のみみずく,ヨーレン ショーエンヘール・絵,偕成社
D,7,アヤカシ薬局閉店セール,伊藤充子 いづのかじ・絵,偕成社
D,8,霧のむこうのふしぎな町,柏葉幸子,講談社
D,9,野尻湖のぞう,井尻正二,福音館書店
D,10,魔法使いのチョコレート・ケーキ,マーヒー 石井桃子・訳,福音館書店
D,11,車のいろは空のいろ 白いぼうし,あまんきみこ,ポプラ社
D,12,大どろぼうホッツェンプロッツ,プロイスラー 中村浩三・訳,偕成社
D,13,宇宙人のいる教室,さとうまきこ,金の星社
D,14,たのしいムーミン一家,ヤンソン 山室静・訳,講談社
D,15,長くつ下のピッピ,リンドグレーン 大塚勇三・訳,岩波書店
D,16,世界でいちばん貧しい大統領のスピーチ,くさばよしみ・編 中川学・絵,汐文社
D,17,ルドルフとイッパイアッテナ,斉藤洋,講談社
D,18,ひとしずくの水,ウィック 林田康一・訳,あすなろ書房
D,19,セロ弾きのゴーシュ,宮沢賢治 名倉靖博・絵,くもん出版
D,20,チョコレート戦争,大石真 北田卓史・絵,理論社
D,21,先生のつうしんぼ,宮川ひろ,偕成社
D,22,百まいのドレス,エスティス 石井桃子・訳,岩波書店
D,23,8本あしのゆかいな仲間 クモ,谷本雄治 つだかつみ・絵,くもん出版
D,24,本のれきし5000年,辻村益朗,福音館書店
D,25,なん者ひなた丸ねことんの術の巻,斉藤洋,あかね書房
D,26,小さなスプーンおばさん,プリョイセン 大塚勇三・訳,学研プラス
D,27,学校ウサギをつかまえろ,岡田淳,偕成社
D,28,いのちのおはなし,日野原重明 村上康成・絵,講談社
D,29,新ちゃんがないた ！,佐藤州男,文研出版
D,30,一つの花,今西祐行 伊勢英子・絵,ポプラ社
D,31,こちらマガーク探偵団,ヒルディック 蕗沢忠枝・訳,あかね書房
D,32,絵くんとことばくん,天野祐吉 大槻あかね・絵,福音館書店
D,33,チョコレートと青い空,堀米薫 小泉るみ子・絵,そうえん社
D,34,しっぽをなくしたイルカ,岩貞るみこ 加藤文雄・写真,講談社
D,35,森の王国,竹田津実,偕成社
D,36,みんなでつくる１本の辞書,飯田朝子 寄藤文平・絵,福音館書店
D,37,くまのパディントン,ボンド 松岡享子・訳,福音館書店
D,38,お星さまのレール,小林千登勢,金の星社
D,39,みらくるミルク,中西敏夫 米本久美子・絵,福音館書店
D,40,ヘレン＝ケラー自伝,今西祐行・訳,講談社
D,41,それいけズッコケ三人組,那須正幹,ポプラ社
D,42,エジソン,崎川範行,講談社
D,43,岸辺のヤービ,梨木香歩 小沢さかえ・画,福音館書店
D,44,富士山うたごよみ,俵万智 Ｕ . Ｇ . サトー・絵,福音館書店
D,45,ファーブルの夏ものがたり,アンダーソン 千葉茂樹・訳,くもん出版
D,46,ダーウィンのミミズの研究,新妻昭夫 杉田比呂美・絵,福音館書店
D,47,すぐそこに、カヤネズミ,畠佐代子,くもん出版
D,48,シノダ！チビ竜と魔法の実,富安陽子 大庭賢哉・絵,偕成社
D,49,せいめいのれきし,バートン いしいももこ・訳,岩波書店
D,50,ドリトル先生アフリカゆき,ロフティング 井伏鱒二・訳,岩波書店
E,1,注文の多い料理店,宮沢賢治 太田大八・絵,講談社
E,2,空気がなくなる日,岩倉政治 二俣英五郎・絵,ポプラ社
E,3,ヘンダワネのタネの物語,新藤悦子 丹地陽子・絵,ポプラ社
E,4,鬼が出た,大西廣 梶山俊夫ほか・絵,福音館書店
E,5,きまぐれロボット,星新一,理論社
E,6,リトルバンパイア1 リュディガーとアントン,ボーデンブルク 川西芙沙・訳,くもん出版
E,7,さよならエルマおばあさん,大塚敦子,小学館
E,8,ぼくは、いつでもぼくだった。,いっこく堂 中村景児・絵,くもん出版
E,9,マジックツリーハウス①恐竜の谷の大冒険,オズボーン 食野雅子・訳,メディアファクトリー
E,10,地球の声に耳をすませて,大木聖子,くもん出版
E,11,キャプテンはつらいぜ,後藤竜二,講談社
E,12,生物の消えた島,田川日出夫 松岡達英・絵,福音館書店
E,13,大造じいさんとガン,椋鳩十,偕成社
E,14,だれも知らない小さな国,佐藤さとる,講談社
E,15,ふしぎの国のアリス,キャロル 芹生一・訳,偕成社
E,16,シャーロットのおくりもの,ホワイト さくまゆみこ・訳,あすなろ書房
E,17,床下の小人たち,ノートン 林容吉・訳,岩波書店
E,18,風にのってきたメアリー・ポピンズ,トラヴァース 林容吉・訳,岩波書店
E,19,ノンちゃん雲に乗る,石井桃子,福音館書店
E,20,若草物語１,オルコット 谷口由美子・訳,講談社
E,21,マヤの一生,椋鳩十,大日本図書
E,22,糸子の体重計,いとうみく 佐藤真紀子・絵,童心社
E,23,ふたりのイーダ,松谷みよ子 司修・絵,講談社
E,24,建具職人の千太郎,岩崎京子 田代三善・絵,くもん出版
E,25,少年探偵ブラウン 〔１〕,ソボル 花輪莞爾・訳,偕成社
E,26,杉原千畝物語,命のビザをありがとう 杉原幸子・杉原弘樹,金の星社
E,27,青い目のネコと魔女をおえ,ディヤング 黒沢浩・訳,文研出版
E,28,かはたれ,朽木祥 山内ふじ江・画,福音館書店
E,29,ライオンと魔女,ルイス 瀬田貞二・訳,岩波書店
E,30,長い長いお医者さんの話,チャペック 中野好夫・訳,岩波書店
E,31,星と伝説,野尻抱影,偕成社
E,32,童話集 風と木の歌,安房直子 司修・絵,偕成社
E,33,イワンのばか,トルストイ 金子幸彦・訳,岩波書店
E,34,アルバートおじさんの時間と空間の旅,スタナード 岡田好惠・訳,くもん出版
E,35,エーミールと探偵たち,ケストナー 池田香代子・訳,岩波書店
E,36,ハイジ,シュピーリ 矢川澄子・訳,福音館書店
E,37,トム・ソーヤーの冒険,トウェイン 吉田甲子太郎・訳,偕成社
E,38,べんり屋、寺岡の夏。,中山聖子,文研出版
E,39,イクバルの闘い,ダダモ 荒瀬ゆみこ・訳,すずき出版
E,40,かぎりなくやさしい花々,星野富弘,偕成社
E,41,一ふさのぶどう,有島武郎,偕成社
E,42,ぼくたちのリアル,戸森しるこ 佐藤真紀子・絵,講談社
E,43,怪人二十面相,江戸川乱歩,ポプラ社
E,44,たのしい川べ,グレーアム 石井桃子・訳,岩波書店
E,45,コンチキ号漂流記,ハイエルダール 神宮輝夫・訳,偕成社
E,46,森は生きている,富山和子,講談社
E,47,どろぼうのどろぼん,斉藤倫 牡丹靖佳・画,福音館書店
E,48,宝島,スティーブンソン 金原瑞人・訳,偕成社
E,49,キュリー夫人,伊東信,ポプラ社
E,50,新版 ガラスのうさぎ,高木敏子,金の星社
F,1,シートン動物記,シートン 白柳美彦・訳,偕成社
F,2,赤神と黒神,まつたにみよこ まるきいり・絵,ポプラ社
F,3,ぼくのお姉さん,丘修三,偕成社
F,4,ともだちは海のにおい,工藤直子,理論社
F,5,魔女の宅急便,角野栄子,福音館書店
F,6,星の王子さま,テグジュペリ 内藤濯・訳,岩波書店
F,7,木をかこう,ムナーリ 須賀敦子・訳,至光社
F,8,マザー・テレサ,かぎりない愛の奉仕 沖守弘,くもん出版
F,9,クマのプーさん,ミルン 石井桃子・訳,岩波書店
F,10,オズの魔法使い,バウム 渡辺茂男・訳,福音館書店
F,11,あしながおじさん,ウェブスター 谷川俊太郎・訳,理論社
F,12,パスワードは、ひ・み・つ,松原秀行,講談社
F,13,ふたつの家のちえ子,今村葦子,評論社
F,14,ジャングル・ブック,キップリング 金原瑞人・訳,偕成社
F,15,お江戸の百太郎,那須正幹 小松良佳・絵,ポプラ社
F,16,チョコレート工場の秘密,ダール 柳瀬尚紀・訳,評論社
F,17,素数ゼミの謎,吉村仁 石森愛彦・絵,文藝春秋
F,18,ぼくとベルさん 友だちは発明王,ロイ 櫛田理絵・訳,研究所
F,19,くちぶえ番長,重松清,新潮社
F,20,月のえくぼを見た男 麻田剛立,鹿毛敏夫 関屋敏隆・画,くもん出版
F,21,飛ぶ教室,ケストナー 若松宣子・訳,偕成社
F,22,こんぴら狗,今井恭子 いぬんこ・画,くもん出版
F,23,二十四の瞳,壺井栄,ポプラ社
F,24,バッテリー,あさのあつこ,教育画劇
F,25,ファーブル昆虫記Ⅰ,ファーブル 奥本大三郎・訳,集英社
F,26,肥後の石工,今西祐行,岩波書店
F,27,白旗の少女,比嘉富子,講談社
F,28,クローディアの秘密,カニグズバーグ 松永ふみ子・訳,岩波書店
F,29,木を植えた男,ジオノ 寺岡襄・訳,あすなろ書房
F,30,ハッピーバースデー,青木和雄 加藤美紀・画,金の星社
F,31,大草原の小さな家,ワイルダー こだまともこ・渡辺南都子・訳,講談社
F,32,精霊の守り人,上橋菜穂子 二木真希子・絵,偕成社
F,33,秘密の花園,バーネット 山内玲子・訳,岩波書店
F,34,トムは真夜中の庭で,ピアス 高杉一郎・訳,岩波書店
F,35,ぽっぺん先生の日曜日,舟崎克彦,岩波書店
F,36,赤毛のアン,モンゴメリー 掛川恭子・訳,講談社
F,37,怪盗紳士ルパン,ルブラン 竹西英夫・訳,偕成社
F,38,次郎物語,下村湖人,講談社
F,39,ギリシア神話,高津春繁・高津久美子・訳,偕成社
F,40,天と地を測った男 伊能忠敬,岡崎ひでたか 高田勲・画,くもん出版
F,41,ビルマの竪琴,竹山道雄,偕成社
F,42,自分の脳を自分で育てる,川島隆太,くもん出版
F,43,ナイチンゲール,ブラウン 茅野美ど里・訳,偕成社
F,44,タイムマシン,ウェルズ 金原瑞人・訳,岩波書店
F,45,小さな雪の町の物語,杉みき子,童心社
F,46,ハリー・ポッターと賢者の石,ローリング 松岡佑子・訳,静山社
F,47,アラビアン・ナイト,ウィギン・編 スミス・編 坂井晴彦・訳,福音館書店
F,48,モモ,エンデ 大島かおり・訳,岩波書店
F,49,算法少女,遠藤寛子,筑摩書房
F,50,十五少年漂流記,ヴェルヌ 波多野完治・訳,新潮社
G,1,兎の眼,灰谷健次郎,角川書店
G,2,西の魔女が死んだ,梨木香歩,新潮社
G,3,竹取物語,星新一・訳 ひと和・絵,角川書店
G,4,にんじん,ルナール 高野優・訳,新潮社
G,5,しゃばけ,畠中恵,新潮社
G,6,ユタとふしぎな仲間たち,三浦哲郎,新潮社
G,7,夏の庭,湯本香樹実,新潮社
G,8,絵のない絵本,アンデルセン 山室静・訳,童心社
G,9,道具にヒミツあり,小関智弘,岩波書店
G,10,少年H,妹尾河童,講談社
G,11,クリスマス・キャロル,ディケンズ 夏目道子・訳,金の星社
G,12,五体不満足,乙武洋匡,講談社
G,13,そこに僕はいた,辻仁成,新潮社
G,14,少年動物誌,河合雅雄,福音館書店
G,15,ハックルベリー・フィンの冒険,トウェイン 西田実・訳,岩波書店
G,16,ガラスの家族,パターソン 岡本浜江・訳,偕成社
G,17,あのころはフリードリヒがいた,リヒター 上田真而子・訳,岩波書店
G,18,小説は君のためにある,藤谷治,筑摩書房
G,19,杜子春・くもの糸,芥川龍之介,偕成社
G,20,ことばの力,川崎洋,岩波書店
G,21,坊っちゃん,夏目漱石,偕成社
G,22,銀河鉄道の夜,宮沢賢治,角川書店
G,23,のんのんばあとオレ,水木しげる,筑摩書房
G,24,ぼくはイエローでホワイトで、ちょっとブルー,ブレイディみかこ,新潮社
G,25,ちいさなちいさな王様,ハッケ 那須田淳・木本栄・訳,講談社
G,26,アンネの日記,フランク 深町眞理子・訳,文藝春秋
G,27,冒険者たち,斎藤惇夫,岩波書店
G,28,ヒルベルという子がいた,ヘルトリング 上田真而子・訳,偕成社
G,29,新釈遠野物語,井上ひさし,新潮社
G,30,しろばんば,井上靖,新潮社
G,31,君たちはどう生きるか,吉野源三郎,ポプラ社
G,32,古事記物語,福永武彦,岩波書店
G,33,くちびるに歌を,中田永一,小学館
G,34,まちがったっていいじゃないか,森毅,筑摩書房
G,35,サキ短編集,サキ 中村能三・訳,新潮社
G,36,銀の匙,中勘助,角川書店
G,37,清兵衛と瓢簞・小僧の神様,志賀直哉,集英社
G,38,路傍の石,山本有三,新潮社
G,39,はてしない物語,エンデ 上田真而子・佐藤真理子・訳,岩波書店
G,40,クラバート,プロイスラー 中村浩三・訳,偕成社
G,41,シェイクスピア物語,ラム 矢川澄子・訳,岩波書店
G,42,海底二万里,ヴェルヌ 渋谷豊・訳,角川書店
G,43,ふしぎなことば ことばのふしぎ,池上嘉彦,筑摩書房
G,44,シャーロック・ホームズの冒険,ドイル 延原謙・訳,新潮社
G,45,しゃべれども しゃべれども,佐藤多佳子,新潮社
G,46,詩のこころを読む,茨木のり子,岩波書店
G,47,いのちの食べかた,森達也,角川書店
G,48,「晴耕雨読」 の読書法,村田一夫,くもん出版
G,49,ボクの音楽武者修行,小澤征爾,新潮社
G,50,影との戦い ゲド戦記1,グウィン 清水真砂子・訳,岩波書店
H,1,どくとるマンボウ航海記,北杜夫,新潮社
H,2,短歌をつくろう,栗木京子,岩波書店
H,3,風が強く吹いている,三浦しをん,新潮社
H,4,カラフル,森絵都,文藝春秋
H,5,スキップ,北村薫,新潮社
H,6,ぼくらの七日間戦争,宗田理,角川書店
H,7,二十歳の火影,宮本輝,講談社
H,8,老人と海,ヘミングウェイ 高見浩・訳,新潮社
H,9,穴,サッカー 幸田敦子・訳,講談社
H,10,友情,武者小路実篤,岩波書店
H,11,パニック・裸の王様,開高健,新潮社
H,12,さぶ,山本周五郎,新潮社
H,13,山椒魚,井伏鱒二,新潮社
H,14,ボッコちゃん,星新一,新潮社
H,15,解剖学教室へようこそ,養老孟司,筑摩書房
H,16,ソフィーの世界,ゴルデル 池田香代子・訳,出版
H,17,武士道シックスティーン,誉田哲也,文藝春秋
H,18,博士の愛した数式,小川洋子,新潮社
H,19,こころの処方箋,河合隼雄,新潮社
H,20,父の詫び状,向田邦子,文藝春秋
H,21,伊豆の踊子,川端康成,新潮社
H,22,流れる星は生きている,藤原てい,中央公論新社
H,23,走れメロス,太宰治,角川書店
H,24,竜馬がゆく,司馬遼太郎,文藝春秋
H,25,冬の旅,立原正秋,新潮社
H,26,おとうと,幸田文,新潮社
H,27,三国志,羅貫中 小川環樹・武部利男・訳,岩波書店
H,28,戦争童話集,野坂昭如,中央公論新社
H,29,ぼくのマンガ人生,手塚治虫,岩波書店
H,30,風立ちぬ・美しい村,堀辰雄,新潮社
H,31,西遊記,呉承恩 和田武司・山谷弘之・訳,さ・え・ら書房
H,32,怪談・奇談,小泉八雲 平川祐弘・編,講談社
H,33,吾輩は猫である,夏目漱石,講談社
H,34,モルグ街の殺人・黄金虫,ポー 巽孝之・訳,新潮社
H,35,夏の葬列,山川方夫,集英社
H,36,変身・断食芸人,カフカ 山下肇・山下萬里・訳,岩波書店
H,37,科学の扉をノックする,小川洋子,集英社
H,38,楽園のカンヴァス,原田マハ,新潮社
H,39,荒野の呼び声,ロンドン 海保眞夫・訳,岩波書店
H,40,いちご同盟,三田誠広,集英社
H,41,車輪の下,ヘッセ 高橋健二・訳,新潮社
H,42,蜜蜂と遠雷,恩田陸,幻冬舎
H,43,O・ヘンリー傑作選Ⅰ 賢者の贈りもの,ヘンリー 小川高義・訳,新潮社
H,44,沈黙の春,カーソン 青樹簗一・訳,新潮社
H,45,レ・ミゼラブル,ユーゴー 豊島与志雄・訳,岩波書店
H,46,チップス先生、さようなら,ヒルトン 白石朗・訳,新潮社
H,47,自分の中に毒を持て,岡本太郎,青春出版社
H,48,ガリヴァ旅行記,スウィフト 中野好夫・訳,新潮社
H,49,ジーキル博士とハイド氏,スティーヴンスン 海保眞夫・訳,岩波書店
H,50,日本語,金田一春彦,岩波書店
I,1,春の数えかた,日高敏隆,新潮社
I,2,塩狩峠,三浦綾子,新潮社
I,3,ウォーターシップ・ダウンのウサギ たち,アダムズ 神宮輝夫・訳,評論社
I,4,ソロモンの指環,ローレンツ 日高敏隆・訳,早川書房
I,5,ナイフ,重松清,新潮社
I,6,もし高校野球の女子マネージャーがドラッカーの 『マネジメント』を読んだら,岩崎夏海,ダイヤモンド社
I,7,機関車先生,伊集院静,講談社
I,8,自分のなかに歴史をよむ,阿部謹也,筑摩書房
I,9,生物と無生物のあいだ,福岡伸一,講談社
I,10,遠い海から来たCOO,景山民夫,角川書店
I,11,山椒大夫・高瀬舟,森鷗外,新潮社
I,12,異邦人,カミュ 窪田啓作・訳,新潮社
I,13,阿Ｑ正伝・狂人日記,魯迅 竹内好・訳,岩波書店
I,14,野火,大岡昇平,新潮社
I,15,ジュリアス・シーザー,シェイクスピア 福田恆存・訳,新潮社
I,16,新版 荒れ野の40年,ヴァイツゼッカー 永井清彦・訳,岩波書店
I,17,海と毒薬,遠藤周作,新潮社
I,18,小さき者へ・生れ出づる悩み,有島武郎,新潮社
I,19,人間失格,太宰治,新潮社
I,20,暗夜行路,志賀直哉,新潮社
I,21,羅生門・鼻・芋粥,芥川龍之介,角川書店
I,22,破戒,島崎藤村,新潮社
I,23,沈黙,遠藤周作,新潮社
I,24,カナダ＝エスキモー,本多勝一,朝日新聞社
I,25,ゾウの時間 ネズミの時間,本川達雄,中央公論新社
I,26,平安女子の楽しい！生活,川村裕子,岩波書店
I,27,「甘え」 の構造,土居健郎,弘文堂
I,28,砂糖の世界史,川北稔,岩波書店
I,29,夜間飛行,テグジュペリ 堀口大學・訳,新潮社
I,30,若きウェルテルの悩み,ゲーテ 竹山道雄・訳,岩波書店
I,31,生きることの意味,高史明,筑摩書房
I,32,嵐が丘,ブロンテ 鴻巣友季子・訳,新潮社
I,33,藤十郎の恋・恩讐の彼方に,菊池寛,新潮社
I,34,天、共に在り,中村哲,出版
I,35,黒い雨,井伏鱒二,新潮社
I,36,李陵・山月記,中島敦,新潮社
I,37,冬の鷹,吉村昭,新潮社
I,38,トオマス・マン短篇集,マン 実吉捷郎・訳,岩波書店
I,39,天平の甍,井上靖,新潮社
I,40,思考の整理学,外山滋比古,筑摩書房
I,41,こころ,夏目漱石,新潮社
I,42,古代への情熱,シュリーマン 関楠生・訳,新潮社
I,43,動物農場,オーウェル 高畠文夫・訳,角川書店
I,44,ロビンソン・クルーソー,デフォー 鈴木恵・訳,新潮社
I,45,夜と霧,フランクル 池田香代子・訳,みすず書房
I,46,科学の考え方・学び方,池内了,岩波書店
I,47,宇宙からの帰還,立花隆,中央公論新社
I,48,自分を知るための哲学入門,竹田青嗣,筑摩書房
I,49,罪と罰,ドストエフスキー 工藤精一郎・訳,新潮社
I,50,戦争と平和,トルストイ 工藤精一郎・訳,新潮社
